danceability,energy,key,loudness,mode,speechiness,acousticness,instrumentalness,liveness,valence,tempo,type,id,uri,track_href,analysis_url,duration_ms,time_signature,uri
0.222,0.0653,3,-19.459,1,0.0447,0.953,0.000611,0.125,0.211,76.828,audio_features,4FylEaO7ZcbRNLhRairniu,spotify:track:4FylEaO7ZcbRNLhRairniu,https://api.spotify.com/v1/tracks/4FylEaO7ZcbRNLhRairniu,https://api.spotify.com/v1/audio-analysis/4FylEaO7ZcbRNLhRairniu,221827,3,spotify:track:4FylEaO7ZcbRNLhRairniu
0.284,0.121,7,-17.829,1,0.0339,0.967,0.00361,0.0869,0.112,78.878,audio_features,2dG3QPq9rVi7FgzIecJ6JK,spotify:track:2dG3QPq9rVi7FgzIecJ6JK,https://api.spotify.com/v1/tracks/2dG3QPq9rVi7FgzIecJ6JK,https://api.spotify.com/v1/audio-analysis/2dG3QPq9rVi7FgzIecJ6JK,184867,3,spotify:track:2dG3QPq9rVi7FgzIecJ6JK
0.589,0.369,5,-8.678,0,0.0321,0.855,0.0,0.352,0.529,132.954,audio_features,0shGCs5AkhwJIgUb0SSz2B,spotify:track:0shGCs5AkhwJIgUb0SSz2B,https://api.spotify.com/v1/tracks/0shGCs5AkhwJIgUb0SSz2B,https://api.spotify.com/v1/audio-analysis/0shGCs5AkhwJIgUb0SSz2B,201200,4,spotify:track:0shGCs5AkhwJIgUb0SSz2B
0.603,0.271,5,-10.083,1,0.0284,0.679,0.0,0.141,0.405,110.89,audio_features,5K09WxKdlkroDyEVyOSySy,spotify:track:5K09WxKdlkroDyEVyOSySy,https://api.spotify.com/v1/tracks/5K09WxKdlkroDyEVyOSySy,https://api.spotify.com/v1/audio-analysis/5K09WxKdlkroDyEVyOSySy,165333,3,spotify:track:5K09WxKdlkroDyEVyOSySy
0.269,0.239,0,-10.522,0,0.03,0.842,0.00194,0.0938,0.162,176.916,audio_features,4IbOPxstIn2KbdlWf5xRZ0,spotify:track:4IbOPxstIn2KbdlWf5xRZ0,https://api.spotify.com/v1/tracks/4IbOPxstIn2KbdlWf5xRZ0,https://api.spotify.com/v1/audio-analysis/4IbOPxstIn2KbdlWf5xRZ0,188227,3,spotify:track:4IbOPxstIn2KbdlWf5xRZ0
0.536,0.31,0,-8.041,1,0.0492,0.568,0.000145,0.162,0.472,127.597,audio_features,3ts3nBCGF7K9JvSjWVQfX8,spotify:track:3ts3nBCGF7K9JvSjWVQfX8,https://api.spotify.com/v1/tracks/3ts3nBCGF7K9JvSjWVQfX8,https://api.spotify.com/v1/audio-analysis/3ts3nBCGF7K9JvSjWVQfX8,187853,4,spotify:track:3ts3nBCGF7K9JvSjWVQfX8
0.629,0.248,10,-16.026,0,0.0307,0.627,0.00011,0.0884,0.372,136.896,audio_features,3PWlxtTxNNZc4zvHwi26ih,spotify:track:3PWlxtTxNNZc4zvHwi26ih,https://api.spotify.com/v1/tracks/3PWlxtTxNNZc4zvHwi26ih,https://api.spotify.com/v1/audio-analysis/3PWlxtTxNNZc4zvHwi26ih,337133,4,spotify:track:3PWlxtTxNNZc4zvHwi26ih
0.663,0.6,7,-10.87,1,0.032,0.43,0.0,0.184,0.8,129.991,audio_features,1LeWIs2hP2r5yOQnVuYoI5,spotify:track:1LeWIs2hP2r5yOQnVuYoI5,https://api.spotify.com/v1/tracks/1LeWIs2hP2r5yOQnVuYoI5,https://api.spotify.com/v1/audio-analysis/1LeWIs2hP2r5yOQnVuYoI5,151667,4,spotify:track:1LeWIs2hP2r5yOQnVuYoI5
0.8,0.699,1,-7.181,1,0.0391,0.0586,0.000161,0.138,0.842,114.526,audio_features,36eWbpGbM3DxpErvZImHgD,spotify:track:36eWbpGbM3DxpErvZImHgD,https://api.spotify.com/v1/tracks/36eWbpGbM3DxpErvZImHgD,https://api.spotify.com/v1/audio-analysis/36eWbpGbM3DxpErvZImHgD,203067,4,spotify:track:36eWbpGbM3DxpErvZImHgD
0.484,0.312,2,-13.522,1,0.0535,0.724,1.65e-06,0.0601,0.598,205.981,audio_features,4Y4Gd3ty8uut6Qw43c7yJc,spotify:track:4Y4Gd3ty8uut6Qw43c7yJc,https://api.spotify.com/v1/tracks/4Y4Gd3ty8uut6Qw43c7yJc,https://api.spotify.com/v1/audio-analysis/4Y4Gd3ty8uut6Qw43c7yJc,166827,4,spotify:track:4Y4Gd3ty8uut6Qw43c7yJc
0.523,0.351,7,-8.54,1,0.0346,0.321,0.0,0.181,0.286,130.881,audio_features,4ioNP12wZS8rcMZRf1vwko,spotify:track:4ioNP12wZS8rcMZRf1vwko,https://api.spotify.com/v1/tracks/4ioNP12wZS8rcMZRf1vwko,https://api.spotify.com/v1/audio-analysis/4ioNP12wZS8rcMZRf1vwko,247733,3,spotify:track:4ioNP12wZS8rcMZRf1vwko
0.888,0.816,11,-4.909,0,0.0404,0.233,0.00042,0.127,0.961,127.276,audio_features,5lA3pwMkBdd24StM90QrNR,spotify:track:5lA3pwMkBdd24StM90QrNR,https://api.spotify.com/v1/tracks/5lA3pwMkBdd24StM90QrNR,https://api.spotify.com/v1/audio-analysis/5lA3pwMkBdd24StM90QrNR,238733,4,spotify:track:5lA3pwMkBdd24StM90QrNR
0.485,0.82,1,-6.887,0,0.0953,0.18,0.00411,0.328,0.817,118.643,audio_features,3vqlZUIT3rEmLaYKDBfb4Q,spotify:track:3vqlZUIT3rEmLaYKDBfb4Q,https://api.spotify.com/v1/tracks/3vqlZUIT3rEmLaYKDBfb4Q,https://api.spotify.com/v1/audio-analysis/3vqlZUIT3rEmLaYKDBfb4Q,394267,4,spotify:track:3vqlZUIT3rEmLaYKDBfb4Q
0.805,0.558,0,-5.226,1,0.041,0.164,2.2e-05,0.0546,0.965,114.95,audio_features,7s25THrKz86DM225dOYwnr,spotify:track:7s25THrKz86DM225dOYwnr,https://api.spotify.com/v1/tracks/7s25THrKz86DM225dOYwnr,https://api.spotify.com/v1/audio-analysis/7s25THrKz86DM225dOYwnr,147600,4,spotify:track:7s25THrKz86DM225dOYwnr
0.756,0.401,7,-10.702,0,0.0526,0.582,0.011,0.0541,0.514,101.954,audio_features,63xdwScd1Ai1GigAwQxE8y,spotify:track:63xdwScd1Ai1GigAwQxE8y,https://api.spotify.com/v1/tracks/63xdwScd1Ai1GigAwQxE8y,https://api.spotify.com/v1/audio-analysis/63xdwScd1Ai1GigAwQxE8y,199396,4,spotify:track:63xdwScd1Ai1GigAwQxE8y
0.36,0.381,1,-8.666,1,0.0488,0.59,5.15e-05,0.0846,0.346,198.228,audio_features,30cwzvmxhBPdlD1g9efF0k,spotify:track:30cwzvmxhBPdlD1g9efF0k,https://api.spotify.com/v1/tracks/30cwzvmxhBPdlD1g9efF0k,https://api.spotify.com/v1/audio-analysis/30cwzvmxhBPdlD1g9efF0k,271787,3,spotify:track:30cwzvmxhBPdlD1g9efF0k
0.371,0.278,7,-8.596,0,0.0303,0.981,0.0,0.272,0.338,82.331,audio_features,3lAun9V0YdTlCSIEXPvfsY,spotify:track:3lAun9V0YdTlCSIEXPvfsY,https://api.spotify.com/v1/tracks/3lAun9V0YdTlCSIEXPvfsY,https://api.spotify.com/v1/audio-analysis/3lAun9V0YdTlCSIEXPvfsY,187733,4,spotify:track:3lAun9V0YdTlCSIEXPvfsY
0.74,0.322,0,-9.26,1,0.0399,0.551,0.000763,0.17,0.629,102.889,audio_features,5zQyqgNXKzhifkivumzxDS,spotify:track:5zQyqgNXKzhifkivumzxDS,https://api.spotify.com/v1/tracks/5zQyqgNXKzhifkivumzxDS,https://api.spotify.com/v1/audio-analysis/5zQyqgNXKzhifkivumzxDS,175853,4,spotify:track:5zQyqgNXKzhifkivumzxDS
0.769,0.367,2,-11.226,1,0.0312,0.684,1.62e-05,0.081,0.535,103.621,audio_features,3zBhihYUHBmGd2bcQIobrF,spotify:track:3zBhihYUHBmGd2bcQIobrF,https://api.spotify.com/v1/tracks/3zBhihYUHBmGd2bcQIobrF,https://api.spotify.com/v1/audio-analysis/3zBhihYUHBmGd2bcQIobrF,163756,4,spotify:track:3zBhihYUHBmGd2bcQIobrF
0.595,0.379,10,-12.058,0,0.0454,0.271,2.81e-05,0.1,0.448,92.006,audio_features,7MF7QAodbGzNYav5ZfIhAY,spotify:track:7MF7QAodbGzNYav5ZfIhAY,https://api.spotify.com/v1/tracks/7MF7QAodbGzNYav5ZfIhAY,https://api.spotify.com/v1/audio-analysis/7MF7QAodbGzNYav5ZfIhAY,279333,4,spotify:track:7MF7QAodbGzNYav5ZfIhAY
0.772,0.371,5,-5.743,0,0.0348,0.744,0.0,0.167,0.684,96.574,audio_features,6nLvaCZFR1wEzW3sIKpsnr,spotify:track:6nLvaCZFR1wEzW3sIKpsnr,https://api.spotify.com/v1/tracks/6nLvaCZFR1wEzW3sIKpsnr,https://api.spotify.com/v1/audio-analysis/6nLvaCZFR1wEzW3sIKpsnr,233733,4,spotify:track:6nLvaCZFR1wEzW3sIKpsnr
0.19,0.323,7,-12.405,1,0.0303,0.626,2.17e-06,0.176,0.281,94.34,audio_features,6yMGxqKj0218mFR5KqsMRq,spotify:track:6yMGxqKj0218mFR5KqsMRq,https://api.spotify.com/v1/tracks/6yMGxqKj0218mFR5KqsMRq,https://api.spotify.com/v1/audio-analysis/6yMGxqKj0218mFR5KqsMRq,219560,4,spotify:track:6yMGxqKj0218mFR5KqsMRq
0.622,0.24,5,-14.067,0,0.0363,0.798,0.0,0.142,0.587,132.234,audio_features,0elmUoU7eMPwZX1Mw1MnQo,spotify:track:0elmUoU7eMPwZX1Mw1MnQo,https://api.spotify.com/v1/tracks/0elmUoU7eMPwZX1Mw1MnQo,https://api.spotify.com/v1/audio-analysis/0elmUoU7eMPwZX1Mw1MnQo,202160,4,spotify:track:0elmUoU7eMPwZX1Mw1MnQo
0.442,0.398,2,-8.467,1,0.0358,0.551,0.0,0.342,0.469,109.363,audio_features,4NdzFKsviXMxchKjzPhnKW,spotify:track:4NdzFKsviXMxchKjzPhnKW,https://api.spotify.com/v1/tracks/4NdzFKsviXMxchKjzPhnKW,https://api.spotify.com/v1/audio-analysis/4NdzFKsviXMxchKjzPhnKW,210360,4,spotify:track:4NdzFKsviXMxchKjzPhnKW
0.612,0.197,5,-14.878,1,0.0438,0.461,5.09e-06,0.0516,0.25,117.91,audio_features,1iZgzgmsFsi0deffe0rleB,spotify:track:1iZgzgmsFsi0deffe0rleB,https://api.spotify.com/v1/tracks/1iZgzgmsFsi0deffe0rleB,https://api.spotify.com/v1/audio-analysis/1iZgzgmsFsi0deffe0rleB,149640,4,spotify:track:1iZgzgmsFsi0deffe0rleB
0.362,0.398,8,-13.582,1,0.0465,0.737,0.0,0.282,0.5,151.186,audio_features,3AgY5gLURlcdYBVGv1RVm7,spotify:track:3AgY5gLURlcdYBVGv1RVm7,https://api.spotify.com/v1/tracks/3AgY5gLURlcdYBVGv1RVm7,https://api.spotify.com/v1/audio-analysis/3AgY5gLURlcdYBVGv1RVm7,314133,4,spotify:track:3AgY5gLURlcdYBVGv1RVm7
0.664,0.194,5,-15.487,0,0.0357,0.909,3.85e-05,0.0829,0.443,129.863,audio_features,3898C4AbdbptwYet6547e5,spotify:track:3898C4AbdbptwYet6547e5,https://api.spotify.com/v1/tracks/3898C4AbdbptwYet6547e5,https://api.spotify.com/v1/audio-analysis/3898C4AbdbptwYet6547e5,321827,4,spotify:track:3898C4AbdbptwYet6547e5
0.488,0.0374,7,-22.637,1,0.0403,0.947,0.000191,0.147,0.259,87.275,audio_features,4xvpttkjjEH0l2hrizYla7,spotify:track:4xvpttkjjEH0l2hrizYla7,https://api.spotify.com/v1/tracks/4xvpttkjjEH0l2hrizYla7,https://api.spotify.com/v1/audio-analysis/4xvpttkjjEH0l2hrizYla7,206067,4,spotify:track:4xvpttkjjEH0l2hrizYla7
0.747,0.662,1,-7.9,0,0.0796,0.0118,0.0,0.138,0.63,88.926,audio_features,2GFExyKXf9383tSRSrEHEt,spotify:track:2GFExyKXf9383tSRSrEHEt,https://api.spotify.com/v1/tracks/2GFExyKXf9383tSRSrEHEt,https://api.spotify.com/v1/audio-analysis/2GFExyKXf9383tSRSrEHEt,221467,4,spotify:track:2GFExyKXf9383tSRSrEHEt
0.593,0.187,9,-10.298,0,0.0526,0.984,0.0401,0.0866,0.385,123.635,audio_features,1zE0JZiHOBPlHwLsf4wBld,spotify:track:1zE0JZiHOBPlHwLsf4wBld,https://api.spotify.com/v1/tracks/1zE0JZiHOBPlHwLsf4wBld,https://api.spotify.com/v1/audio-analysis/1zE0JZiHOBPlHwLsf4wBld,174320,4,spotify:track:1zE0JZiHOBPlHwLsf4wBld
0.634,0.288,0,-14.988,1,0.0327,0.629,0.851,0.213,0.491,106.579,audio_features,5AFOEeVJIUCeWEpEyzNuTL,spotify:track:5AFOEeVJIUCeWEpEyzNuTL,https://api.spotify.com/v1/tracks/5AFOEeVJIUCeWEpEyzNuTL,https://api.spotify.com/v1/audio-analysis/5AFOEeVJIUCeWEpEyzNuTL,280600,4,spotify:track:5AFOEeVJIUCeWEpEyzNuTL
0.283,0.0738,7,-23.595,1,0.0763,0.925,0.0,0.105,0.223,72.034,audio_features,7sO8fLoq7H3er7C24UtLiF,spotify:track:7sO8fLoq7H3er7C24UtLiF,https://api.spotify.com/v1/tracks/7sO8fLoq7H3er7C24UtLiF,https://api.spotify.com/v1/audio-analysis/7sO8fLoq7H3er7C24UtLiF,246160,4,spotify:track:7sO8fLoq7H3er7C24UtLiF
0.443,0.104,0,-17.042,1,0.101,0.913,0.0,0.191,0.394,76.497,audio_features,78MI7mu1LV1k4IA2HzKmHe,spotify:track:78MI7mu1LV1k4IA2HzKmHe,https://api.spotify.com/v1/tracks/78MI7mu1LV1k4IA2HzKmHe,https://api.spotify.com/v1/audio-analysis/78MI7mu1LV1k4IA2HzKmHe,185160,4,spotify:track:78MI7mu1LV1k4IA2HzKmHe
0.44,0.414,10,-9.351,1,0.0513,0.647,0.000361,0.307,0.574,168.624,audio_features,0XZ0GD5Vq7WRjPicr3h10t,spotify:track:0XZ0GD5Vq7WRjPicr3h10t,https://api.spotify.com/v1/tracks/0XZ0GD5Vq7WRjPicr3h10t,https://api.spotify.com/v1/audio-analysis/0XZ0GD5Vq7WRjPicr3h10t,190107,4,spotify:track:0XZ0GD5Vq7WRjPicr3h10t
0.41,0.0418,1,-24.754,1,0.035,0.977,0.0137,0.117,0.247,67.882,audio_features,5QnCtH7euld6R68UwcWrte,spotify:track:5QnCtH7euld6R68UwcWrte,https://api.spotify.com/v1/tracks/5QnCtH7euld6R68UwcWrte,https://api.spotify.com/v1/audio-analysis/5QnCtH7euld6R68UwcWrte,184467,4,spotify:track:5QnCtH7euld6R68UwcWrte
0.469,0.0378,3,-21.116,1,0.0519,0.925,0.000202,0.7,0.331,139.47,audio_features,4OYcd17qXbfz8oeOwpufXZ,spotify:track:4OYcd17qXbfz8oeOwpufXZ,https://api.spotify.com/v1/tracks/4OYcd17qXbfz8oeOwpufXZ,https://api.spotify.com/v1/audio-analysis/4OYcd17qXbfz8oeOwpufXZ,194267,4,spotify:track:4OYcd17qXbfz8oeOwpufXZ
0.608,0.387,11,-20.157,0,0.0411,0.86,0.662,0.187,0.809,91.489,audio_features,5PXIzyJURVKyO1cwVDuGEK,spotify:track:5PXIzyJURVKyO1cwVDuGEK,https://api.spotify.com/v1/tracks/5PXIzyJURVKyO1cwVDuGEK,https://api.spotify.com/v1/audio-analysis/5PXIzyJURVKyO1cwVDuGEK,149080,4,spotify:track:5PXIzyJURVKyO1cwVDuGEK
0.575,0.274,0,-10.242,1,0.035,0.908,8.67e-05,0.146,0.214,87.13,audio_features,1hUXDEqjNIIbfjTcaz3jzb,spotify:track:1hUXDEqjNIIbfjTcaz3jzb,https://api.spotify.com/v1/tracks/1hUXDEqjNIIbfjTcaz3jzb,https://api.spotify.com/v1/audio-analysis/1hUXDEqjNIIbfjTcaz3jzb,162759,4,spotify:track:1hUXDEqjNIIbfjTcaz3jzb
0.312,0.138,9,-21.295,0,0.0365,0.974,0.942,0.12,0.221,61.445,audio_features,70hlXOHvTylmKbRZLEtn8b,spotify:track:70hlXOHvTylmKbRZLEtn8b,https://api.spotify.com/v1/tracks/70hlXOHvTylmKbRZLEtn8b,https://api.spotify.com/v1/audio-analysis/70hlXOHvTylmKbRZLEtn8b,89440,3,spotify:track:70hlXOHvTylmKbRZLEtn8b
0.581,0.78,4,-7.053,1,0.0567,0.508,1.07e-05,0.0799,0.561,123.711,audio_features,0bfvHnWWOeU1U5XeKyVLbW,spotify:track:0bfvHnWWOeU1U5XeKyVLbW,https://api.spotify.com/v1/tracks/0bfvHnWWOeU1U5XeKyVLbW,https://api.spotify.com/v1/audio-analysis/0bfvHnWWOeU1U5XeKyVLbW,203680,4,spotify:track:0bfvHnWWOeU1U5XeKyVLbW
0.653,0.49,0,-10.106,1,0.0408,0.323,4.13e-06,0.0832,0.963,110.202,audio_features,2zF8ro2hX0aEYaqXQdEKW1,spotify:track:2zF8ro2hX0aEYaqXQdEKW1,https://api.spotify.com/v1/tracks/2zF8ro2hX0aEYaqXQdEKW1,https://api.spotify.com/v1/audio-analysis/2zF8ro2hX0aEYaqXQdEKW1,177773,4,spotify:track:2zF8ro2hX0aEYaqXQdEKW1
0.627,0.179,8,-18.578,1,0.121,0.858,0.0,0.0989,0.531,94.541,audio_features,0jFIlvsnx1Dt21hK5ZFkRc,spotify:track:0jFIlvsnx1Dt21hK5ZFkRc,https://api.spotify.com/v1/tracks/0jFIlvsnx1Dt21hK5ZFkRc,https://api.spotify.com/v1/audio-analysis/0jFIlvsnx1Dt21hK5ZFkRc,133573,4,spotify:track:0jFIlvsnx1Dt21hK5ZFkRc
0.425,0.373,4,-7.543,1,0.0801,0.686,0.0,0.077,0.663,78.231,audio_features,4QxDOjgpYtQDxxbWPuEJOy,spotify:track:4QxDOjgpYtQDxxbWPuEJOy,https://api.spotify.com/v1/tracks/4QxDOjgpYtQDxxbWPuEJOy,https://api.spotify.com/v1/audio-analysis/4QxDOjgpYtQDxxbWPuEJOy,155307,4,spotify:track:4QxDOjgpYtQDxxbWPuEJOy
0.524,0.519,6,-11.903,1,0.043,0.195,0.0,0.523,0.847,110.121,audio_features,4kP69y3GKHi9tXckfgp4bK,spotify:track:4kP69y3GKHi9tXckfgp4bK,https://api.spotify.com/v1/tracks/4kP69y3GKHi9tXckfgp4bK,https://api.spotify.com/v1/audio-analysis/4kP69y3GKHi9tXckfgp4bK,169800,4,spotify:track:4kP69y3GKHi9tXckfgp4bK
0.574,0.507,6,-11.343,1,0.0258,0.228,4.57e-06,0.279,0.514,101.085,audio_features,5ZoDwIP1ntHwciLjydJ8X2,spotify:track:5ZoDwIP1ntHwciLjydJ8X2,https://api.spotify.com/v1/tracks/5ZoDwIP1ntHwciLjydJ8X2,https://api.spotify.com/v1/audio-analysis/5ZoDwIP1ntHwciLjydJ8X2,173307,4,spotify:track:5ZoDwIP1ntHwciLjydJ8X2
0.693,0.257,6,-7.785,1,0.0356,0.869,0.0,0.11,0.603,90.012,audio_features,7JEUg9KqmpdIE5Nbb9ss66,spotify:track:7JEUg9KqmpdIE5Nbb9ss66,https://api.spotify.com/v1/tracks/7JEUg9KqmpdIE5Nbb9ss66,https://api.spotify.com/v1/audio-analysis/7JEUg9KqmpdIE5Nbb9ss66,182667,4,spotify:track:7JEUg9KqmpdIE5Nbb9ss66
0.686,0.688,6,-4.981,0,0.0254,0.39,1.03e-06,0.0924,0.493,123.125,audio_features,4T6HLdP6OcAtqC6tGnQelG,spotify:track:4T6HLdP6OcAtqC6tGnQelG,https://api.spotify.com/v1/tracks/4T6HLdP6OcAtqC6tGnQelG,https://api.spotify.com/v1/audio-analysis/4T6HLdP6OcAtqC6tGnQelG,212373,4,spotify:track:4T6HLdP6OcAtqC6tGnQelG
0.727,0.338,5,-13.887,1,0.0454,0.79,0.0,0.105,0.646,122.421,audio_features,0ESIjVxnDnCDaTPo6sStHm,spotify:track:0ESIjVxnDnCDaTPo6sStHm,https://api.spotify.com/v1/tracks/0ESIjVxnDnCDaTPo6sStHm,https://api.spotify.com/v1/audio-analysis/0ESIjVxnDnCDaTPo6sStHm,133507,4,spotify:track:0ESIjVxnDnCDaTPo6sStHm
0.601,0.703,7,-6.24,1,0.0379,0.175,8.4e-05,0.571,0.673,106.164,audio_features,2cX2coZS1PYBfPs8wgbdWE,spotify:track:2cX2coZS1PYBfPs8wgbdWE,https://api.spotify.com/v1/tracks/2cX2coZS1PYBfPs8wgbdWE,https://api.spotify.com/v1/audio-analysis/2cX2coZS1PYBfPs8wgbdWE,196213,4,spotify:track:2cX2coZS1PYBfPs8wgbdWE
0.65,0.306,9,-9.443,1,0.0393,0.57,7.07e-06,0.0707,0.605,118.068,audio_features,3SdTKo2uVsxFblQjpScoHy,spotify:track:3SdTKo2uVsxFblQjpScoHy,https://api.spotify.com/v1/tracks/3SdTKo2uVsxFblQjpScoHy,https://api.spotify.com/v1/audio-analysis/3SdTKo2uVsxFblQjpScoHy,180056,4,spotify:track:3SdTKo2uVsxFblQjpScoHy
0.586,0.616,5,-7.964,1,0.0324,0.182,0.0,0.0927,0.719,148.088,audio_features,7MAibcTli4IisCtbHKrGMh,spotify:track:7MAibcTli4IisCtbHKrGMh,https://api.spotify.com/v1/tracks/7MAibcTli4IisCtbHKrGMh,https://api.spotify.com/v1/audio-analysis/7MAibcTli4IisCtbHKrGMh,242096,4,spotify:track:7MAibcTli4IisCtbHKrGMh
0.651,0.703,0,-8.958,0,0.0816,0.0297,0.0,0.0608,0.647,140.051,audio_features,6jGAh1bFnXt1Muj9zeHveZ,spotify:track:6jGAh1bFnXt1Muj9zeHveZ,https://api.spotify.com/v1/tracks/6jGAh1bFnXt1Muj9zeHveZ,https://api.spotify.com/v1/audio-analysis/6jGAh1bFnXt1Muj9zeHveZ,249444,4,spotify:track:6jGAh1bFnXt1Muj9zeHveZ
0.708,0.598,5,-8.365,1,0.0291,0.037,0.0,0.17,0.698,112.027,audio_features,3WTWh2WDk4j8GUCGj4xfOd,spotify:track:3WTWh2WDk4j8GUCGj4xfOd,https://api.spotify.com/v1/tracks/3WTWh2WDk4j8GUCGj4xfOd,https://api.spotify.com/v1/audio-analysis/3WTWh2WDk4j8GUCGj4xfOd,203123,4,spotify:track:3WTWh2WDk4j8GUCGj4xfOd
0.349,0.182,5,-13.507,1,0.031,0.92,0.0152,0.143,0.178,136.094,audio_features,648TTtYB0bH0P8Hfy0FmkL,spotify:track:648TTtYB0bH0P8Hfy0FmkL,https://api.spotify.com/v1/tracks/648TTtYB0bH0P8Hfy0FmkL,https://api.spotify.com/v1/audio-analysis/648TTtYB0bH0P8Hfy0FmkL,191973,3,spotify:track:648TTtYB0bH0P8Hfy0FmkL
0.663,0.264,0,-14.571,1,0.0914,0.706,0.0,0.1,0.657,122.482,audio_features,33jt3kYWjQzqn3xyYQ5ZEh,spotify:track:33jt3kYWjQzqn3xyYQ5ZEh,https://api.spotify.com/v1/tracks/33jt3kYWjQzqn3xyYQ5ZEh,https://api.spotify.com/v1/audio-analysis/33jt3kYWjQzqn3xyYQ5ZEh,354533,4,spotify:track:33jt3kYWjQzqn3xyYQ5ZEh
0.357,0.216,3,-12.833,1,0.0343,0.767,4.31e-06,0.531,0.283,119.57,audio_features,2htH7r8oqqEwp3BB6oh2cU,spotify:track:2htH7r8oqqEwp3BB6oh2cU,https://api.spotify.com/v1/tracks/2htH7r8oqqEwp3BB6oh2cU,https://api.spotify.com/v1/audio-analysis/2htH7r8oqqEwp3BB6oh2cU,222733,4,spotify:track:2htH7r8oqqEwp3BB6oh2cU
0.257,0.338,4,-12.902,1,0.0357,0.736,0.0,0.252,0.544,207.356,audio_features,4feXcsElKIVsGwkbnTHAfV,spotify:track:4feXcsElKIVsGwkbnTHAfV,https://api.spotify.com/v1/tracks/4feXcsElKIVsGwkbnTHAfV,https://api.spotify.com/v1/audio-analysis/4feXcsElKIVsGwkbnTHAfV,162493,4,spotify:track:4feXcsElKIVsGwkbnTHAfV
0.421,0.0533,0,-22.052,1,0.0405,0.946,0.000437,0.131,0.111,111.996,audio_features,7yED4n2U8RR5LKZVmisiev,spotify:track:7yED4n2U8RR5LKZVmisiev,https://api.spotify.com/v1/tracks/7yED4n2U8RR5LKZVmisiev,https://api.spotify.com/v1/audio-analysis/7yED4n2U8RR5LKZVmisiev,203307,4,spotify:track:7yED4n2U8RR5LKZVmisiev
0.747,0.692,1,-8.956,0,0.0474,0.202,3.39e-05,0.0698,0.904,118.698,audio_features,3NlLmKBJozwoi0k03Feb1N,spotify:track:3NlLmKBJozwoi0k03Feb1N,https://api.spotify.com/v1/tracks/3NlLmKBJozwoi0k03Feb1N,https://api.spotify.com/v1/audio-analysis/3NlLmKBJozwoi0k03Feb1N,199387,4,spotify:track:3NlLmKBJozwoi0k03Feb1N
0.577,0.306,9,-11.559,1,0.0427,0.383,0.0,0.18,0.568,125.166,audio_features,2WaYW84yWij5NSCpgSeU2R,spotify:track:2WaYW84yWij5NSCpgSeU2R,https://api.spotify.com/v1/tracks/2WaYW84yWij5NSCpgSeU2R,https://api.spotify.com/v1/audio-analysis/2WaYW84yWij5NSCpgSeU2R,177400,4,spotify:track:2WaYW84yWij5NSCpgSeU2R
0.685,0.623,8,-11.146,1,0.042,0.228,0.00234,0.0295,0.896,126.739,audio_features,0PDCewmZCp0P5s00bptcdd,spotify:track:0PDCewmZCp0P5s00bptcdd,https://api.spotify.com/v1/tracks/0PDCewmZCp0P5s00bptcdd,https://api.spotify.com/v1/audio-analysis/0PDCewmZCp0P5s00bptcdd,171960,4,spotify:track:0PDCewmZCp0P5s00bptcdd
0.529,0.261,5,-14.493,1,0.0347,0.854,6.57e-06,0.13,0.451,133.647,audio_features,3NdHYXQK5gkFFEZvSMVVj6,spotify:track:3NdHYXQK5gkFFEZvSMVVj6,https://api.spotify.com/v1/tracks/3NdHYXQK5gkFFEZvSMVVj6,https://api.spotify.com/v1/audio-analysis/3NdHYXQK5gkFFEZvSMVVj6,194040,3,spotify:track:3NdHYXQK5gkFFEZvSMVVj6
0.572,0.418,0,-10.738,1,0.0349,0.635,0.0,0.0961,0.694,104.566,audio_features,745H5CctFr12Mo7cqa1BMH,spotify:track:745H5CctFr12Mo7cqa1BMH,https://api.spotify.com/v1/tracks/745H5CctFr12Mo7cqa1BMH,https://api.spotify.com/v1/audio-analysis/745H5CctFr12Mo7cqa1BMH,165000,4,spotify:track:745H5CctFr12Mo7cqa1BMH
0.642,0.483,6,-10.486,1,0.028,0.549,0.000282,0.251,0.452,109.995,audio_features,4YGlRLe6TeBRiXFByBqldf,spotify:track:4YGlRLe6TeBRiXFByBqldf,https://api.spotify.com/v1/tracks/4YGlRLe6TeBRiXFByBqldf,https://api.spotify.com/v1/audio-analysis/4YGlRLe6TeBRiXFByBqldf,279627,4,spotify:track:4YGlRLe6TeBRiXFByBqldf
0.373,0.301,9,-11.843,1,0.0314,0.769,0.0,0.0816,0.436,65.488,audio_features,6e6Kxot9nHyZ4I8GgmGKII,spotify:track:6e6Kxot9nHyZ4I8GgmGKII,https://api.spotify.com/v1/tracks/6e6Kxot9nHyZ4I8GgmGKII,https://api.spotify.com/v1/audio-analysis/6e6Kxot9nHyZ4I8GgmGKII,158680,3,spotify:track:6e6Kxot9nHyZ4I8GgmGKII
0.547,0.208,9,-13.458,1,0.0334,0.676,0.0,0.1,0.424,108.999,audio_features,3YCbx1QqGrnxMsPEZLC1CT,spotify:track:3YCbx1QqGrnxMsPEZLC1CT,https://api.spotify.com/v1/tracks/3YCbx1QqGrnxMsPEZLC1CT,https://api.spotify.com/v1/audio-analysis/3YCbx1QqGrnxMsPEZLC1CT,162840,4,spotify:track:3YCbx1QqGrnxMsPEZLC1CT
0.285,0.142,10,-18.543,1,0.0361,0.809,8.4e-05,0.0905,0.15,138.069,audio_features,0Ab4lEHfPY98aqtQrKQbUu,spotify:track:0Ab4lEHfPY98aqtQrKQbUu,https://api.spotify.com/v1/tracks/0Ab4lEHfPY98aqtQrKQbUu,https://api.spotify.com/v1/audio-analysis/0Ab4lEHfPY98aqtQrKQbUu,234667,4,spotify:track:0Ab4lEHfPY98aqtQrKQbUu
0.603,0.688,7,-9.69,0,0.197,0.188,0.0,0.0688,0.803,117.789,audio_features,5D4yBkYPvTRQXNhOPtS6QR,spotify:track:5D4yBkYPvTRQXNhOPtS6QR,https://api.spotify.com/v1/tracks/5D4yBkYPvTRQXNhOPtS6QR,https://api.spotify.com/v1/audio-analysis/5D4yBkYPvTRQXNhOPtS6QR,240667,4,spotify:track:5D4yBkYPvTRQXNhOPtS6QR
0.655,0.427,3,-8.057,1,0.0865,0.815,2.04e-06,0.0882,0.854,138.251,audio_features,2NThME2zwT3u2ZiaFan2Fl,spotify:track:2NThME2zwT3u2ZiaFan2Fl,https://api.spotify.com/v1/tracks/2NThME2zwT3u2ZiaFan2Fl,https://api.spotify.com/v1/audio-analysis/2NThME2zwT3u2ZiaFan2Fl,179200,4,spotify:track:2NThME2zwT3u2ZiaFan2Fl
0.272,0.219,0,-9.767,1,0.0305,0.938,0.00086,0.263,0.374,74.697,audio_features,52XDumqYDUXX16R7FM5fpV,spotify:track:52XDumqYDUXX16R7FM5fpV,https://api.spotify.com/v1/tracks/52XDumqYDUXX16R7FM5fpV,https://api.spotify.com/v1/audio-analysis/52XDumqYDUXX16R7FM5fpV,203773,4,spotify:track:52XDumqYDUXX16R7FM5fpV
0.591,0.298,4,-12.269,0,0.06,0.549,2.22e-06,0.0797,0.372,119.954,audio_features,7FXj7Qg3YorUxdrzvrcY25,spotify:track:7FXj7Qg3YorUxdrzvrcY25,https://api.spotify.com/v1/tracks/7FXj7Qg3YorUxdrzvrcY25,https://api.spotify.com/v1/audio-analysis/7FXj7Qg3YorUxdrzvrcY25,147520,4,spotify:track:7FXj7Qg3YorUxdrzvrcY25
0.51,0.54,7,-5.596,0,0.0282,0.243,0.0211,0.219,0.382,118.008,audio_features,56dvEv8PIWFuc5vJQLPM0L,spotify:track:56dvEv8PIWFuc5vJQLPM0L,https://api.spotify.com/v1/tracks/56dvEv8PIWFuc5vJQLPM0L,https://api.spotify.com/v1/audio-analysis/56dvEv8PIWFuc5vJQLPM0L,272294,4,spotify:track:56dvEv8PIWFuc5vJQLPM0L
0.332,0.465,3,-10.348,1,0.0499,0.804,0.909,0.63,0.608,80.023,audio_features,7CCM17v5YFXAV7fR35UfkA,spotify:track:7CCM17v5YFXAV7fR35UfkA,https://api.spotify.com/v1/tracks/7CCM17v5YFXAV7fR35UfkA,https://api.spotify.com/v1/audio-analysis/7CCM17v5YFXAV7fR35UfkA,194507,4,spotify:track:7CCM17v5YFXAV7fR35UfkA
0.532,0.0657,0,-19.136,0,0.0406,0.94,0.00488,0.0946,0.292,128.607,audio_features,0F845nujLVqCb0XMZCh5Pc,spotify:track:0F845nujLVqCb0XMZCh5Pc,https://api.spotify.com/v1/tracks/0F845nujLVqCb0XMZCh5Pc,https://api.spotify.com/v1/audio-analysis/0F845nujLVqCb0XMZCh5Pc,201440,4,spotify:track:0F845nujLVqCb0XMZCh5Pc
0.367,0.319,1,-13.363,1,0.0335,0.941,0.213,0.181,0.32,65.775,audio_features,53Hnhi1w4WCuEniACsckUQ,spotify:track:53Hnhi1w4WCuEniACsckUQ,https://api.spotify.com/v1/tracks/53Hnhi1w4WCuEniACsckUQ,https://api.spotify.com/v1/audio-analysis/53Hnhi1w4WCuEniACsckUQ,146507,3,spotify:track:53Hnhi1w4WCuEniACsckUQ
0.174,0.225,0,-10.679,1,0.034,0.987,0.855,0.267,0.0722,167.073,audio_features,5RzB3KcfvZgvsWcsETVsqG,spotify:track:5RzB3KcfvZgvsWcsETVsqG,https://api.spotify.com/v1/tracks/5RzB3KcfvZgvsWcsETVsqG,https://api.spotify.com/v1/audio-analysis/5RzB3KcfvZgvsWcsETVsqG,132468,3,spotify:track:5RzB3KcfvZgvsWcsETVsqG
0.198,0.276,7,-10.588,1,0.0289,0.919,0.00261,0.21,0.0692,88.422,audio_features,0AtVA7axXKVFnjQsN4xBIy,spotify:track:0AtVA7axXKVFnjQsN4xBIy,https://api.spotify.com/v1/tracks/0AtVA7axXKVFnjQsN4xBIy,https://api.spotify.com/v1/audio-analysis/0AtVA7axXKVFnjQsN4xBIy,168158,3,spotify:track:0AtVA7axXKVFnjQsN4xBIy
0.291,0.2,9,-12.087,0,0.0359,0.874,0.0,0.0768,0.208,77.215,audio_features,7DAMG7QY6VYazuuYfQVTJl,spotify:track:7DAMG7QY6VYazuuYfQVTJl,https://api.spotify.com/v1/tracks/7DAMG7QY6VYazuuYfQVTJl,https://api.spotify.com/v1/audio-analysis/7DAMG7QY6VYazuuYfQVTJl,197920,4,spotify:track:7DAMG7QY6VYazuuYfQVTJl
0.507,0.0779,0,-12.099,1,0.0544,0.866,0.00275,0.108,0.326,70.808,audio_features,1UH4viviUjZnS9aWgPGrk0,spotify:track:1UH4viviUjZnS9aWgPGrk0,https://api.spotify.com/v1/tracks/1UH4viviUjZnS9aWgPGrk0,https://api.spotify.com/v1/audio-analysis/1UH4viviUjZnS9aWgPGrk0,204400,4,spotify:track:1UH4viviUjZnS9aWgPGrk0
0.399,0.144,8,-12.566,1,0.0306,0.993,0.767,0.206,0.226,85.603,audio_features,7rjOil8FKKJK08BbG49y7Z,spotify:track:7rjOil8FKKJK08BbG49y7Z,https://api.spotify.com/v1/tracks/7rjOil8FKKJK08BbG49y7Z,https://api.spotify.com/v1/audio-analysis/7rjOil8FKKJK08BbG49y7Z,203093,4,spotify:track:7rjOil8FKKJK08BbG49y7Z
0.436,0.189,7,-10.864,0,0.0303,0.947,0.93,0.561,0.231,83.418,audio_features,00tKAMEpapyBcrVuSXIYbM,spotify:track:00tKAMEpapyBcrVuSXIYbM,https://api.spotify.com/v1/tracks/00tKAMEpapyBcrVuSXIYbM,https://api.spotify.com/v1/audio-analysis/00tKAMEpapyBcrVuSXIYbM,192760,4,spotify:track:00tKAMEpapyBcrVuSXIYbM
0.342,0.126,3,-11.857,1,0.0265,0.862,0.0998,0.146,0.147,77.873,audio_features,3ziJFd6JeioC8Xfct0UXpJ,spotify:track:3ziJFd6JeioC8Xfct0UXpJ,https://api.spotify.com/v1/tracks/3ziJFd6JeioC8Xfct0UXpJ,https://api.spotify.com/v1/audio-analysis/3ziJFd6JeioC8Xfct0UXpJ,202760,3,spotify:track:3ziJFd6JeioC8Xfct0UXpJ
0.727,0.204,9,-12.44,0,0.0444,0.988,0.892,0.279,0.633,121.524,audio_features,0TomvJ50oY76FG4E8aZPii,spotify:track:0TomvJ50oY76FG4E8aZPii,https://api.spotify.com/v1/tracks/0TomvJ50oY76FG4E8aZPii,https://api.spotify.com/v1/audio-analysis/0TomvJ50oY76FG4E8aZPii,178467,4,spotify:track:0TomvJ50oY76FG4E8aZPii
0.749,0.198,0,-21.331,0,0.0507,0.713,0.909,0.118,0.734,83.278,audio_features,2u1Wpi11oOpIXS9Mv0y2ea,spotify:track:2u1Wpi11oOpIXS9Mv0y2ea,https://api.spotify.com/v1/tracks/2u1Wpi11oOpIXS9Mv0y2ea,https://api.spotify.com/v1/audio-analysis/2u1Wpi11oOpIXS9Mv0y2ea,101867,4,spotify:track:2u1Wpi11oOpIXS9Mv0y2ea
0.671,0.249,5,-10.399,1,0.0336,0.988,0.341,0.132,0.502,103.745,audio_features,6nYyd4vfb831h391mt3GWU,spotify:track:6nYyd4vfb831h391mt3GWU,https://api.spotify.com/v1/tracks/6nYyd4vfb831h391mt3GWU,https://api.spotify.com/v1/audio-analysis/6nYyd4vfb831h391mt3GWU,167184,4,spotify:track:6nYyd4vfb831h391mt3GWU
0.58,0.0545,9,-14.594,0,0.0473,0.963,0.000265,0.0967,0.177,123.341,audio_features,6crfO56bDm0RjpctUuGs5X,spotify:track:6crfO56bDm0RjpctUuGs5X,https://api.spotify.com/v1/tracks/6crfO56bDm0RjpctUuGs5X,https://api.spotify.com/v1/audio-analysis/6crfO56bDm0RjpctUuGs5X,149827,4,spotify:track:6crfO56bDm0RjpctUuGs5X
0.317,0.0186,3,-23.65,0,0.0363,0.956,1.9e-06,0.12,0.117,78.325,audio_features,0HMLSpe9wluD1siMZ6dBqR,spotify:track:0HMLSpe9wluD1siMZ6dBqR,https://api.spotify.com/v1/tracks/0HMLSpe9wluD1siMZ6dBqR,https://api.spotify.com/v1/audio-analysis/0HMLSpe9wluD1siMZ6dBqR,163707,4,spotify:track:0HMLSpe9wluD1siMZ6dBqR
0.46,0.379,3,-12.862,1,0.0402,0.811,0.866,0.552,0.61,79.53,audio_features,5FWn20xrAQ1IdbA8Dml6pj,spotify:track:5FWn20xrAQ1IdbA8Dml6pj,https://api.spotify.com/v1/tracks/5FWn20xrAQ1IdbA8Dml6pj,https://api.spotify.com/v1/audio-analysis/5FWn20xrAQ1IdbA8Dml6pj,193573,4,spotify:track:5FWn20xrAQ1IdbA8Dml6pj
0.355,0.0304,1,-20.479,1,0.0361,0.989,0.0555,0.116,0.188,90.495,audio_features,4smkJW6uzoHxGReZqqwHS5,spotify:track:4smkJW6uzoHxGReZqqwHS5,https://api.spotify.com/v1/tracks/4smkJW6uzoHxGReZqqwHS5,https://api.spotify.com/v1/audio-analysis/4smkJW6uzoHxGReZqqwHS5,211533,3,spotify:track:4smkJW6uzoHxGReZqqwHS5
0.727,0.236,9,-11.003,0,0.0288,0.931,0.0161,0.114,0.465,132.163,audio_features,4df2jcqya5Fkgr84qlNcjV,spotify:track:4df2jcqya5Fkgr84qlNcjV,https://api.spotify.com/v1/tracks/4df2jcqya5Fkgr84qlNcjV,https://api.spotify.com/v1/audio-analysis/4df2jcqya5Fkgr84qlNcjV,197440,4,spotify:track:4df2jcqya5Fkgr84qlNcjV
0.199,0.231,7,-12.134,1,0.0351,0.774,1.37e-05,0.0879,0.22,77.093,audio_features,1023ftWSwYDMiA9rfOnsRf,spotify:track:1023ftWSwYDMiA9rfOnsRf,https://api.spotify.com/v1/tracks/1023ftWSwYDMiA9rfOnsRf,https://api.spotify.com/v1/audio-analysis/1023ftWSwYDMiA9rfOnsRf,160800,1,spotify:track:1023ftWSwYDMiA9rfOnsRf
0.453,0.00467,0,-28.858,1,0.051,0.993,0.8,0.17,0.44,66.292,audio_features,5oluS4yaLv0JkW55TtgL2o,spotify:track:5oluS4yaLv0JkW55TtgL2o,https://api.spotify.com/v1/tracks/5oluS4yaLv0JkW55TtgL2o,https://api.spotify.com/v1/audio-analysis/5oluS4yaLv0JkW55TtgL2o,36357,4,spotify:track:5oluS4yaLv0JkW55TtgL2o
0.624,0.304,8,-14.496,1,0.0822,0.929,0.173,0.0693,0.874,80.582,audio_features,1xsY8IFXUrxeet1Fcmk4oC,spotify:track:1xsY8IFXUrxeet1Fcmk4oC,https://api.spotify.com/v1/tracks/1xsY8IFXUrxeet1Fcmk4oC,https://api.spotify.com/v1/audio-analysis/1xsY8IFXUrxeet1Fcmk4oC,216747,4,spotify:track:1xsY8IFXUrxeet1Fcmk4oC
0.427,0.458,9,-12.863,1,0.0407,0.289,0.00107,0.239,0.423,129.303,audio_features,7cUKT1Wiwve4E5iRFOLVmz,spotify:track:7cUKT1Wiwve4E5iRFOLVmz,https://api.spotify.com/v1/tracks/7cUKT1Wiwve4E5iRFOLVmz,https://api.spotify.com/v1/audio-analysis/7cUKT1Wiwve4E5iRFOLVmz,149240,3,spotify:track:7cUKT1Wiwve4E5iRFOLVmz
0.347,0.299,3,-14.462,1,0.0401,0.979,0.93,0.178,0.556,86.15,audio_features,7ubd6wvhN4TKMwQUy6hR69,spotify:track:7ubd6wvhN4TKMwQUy6hR69,https://api.spotify.com/v1/tracks/7ubd6wvhN4TKMwQUy6hR69,https://api.spotify.com/v1/audio-analysis/7ubd6wvhN4TKMwQUy6hR69,164547,4,spotify:track:7ubd6wvhN4TKMwQUy6hR69
0.447,0.343,9,-8.677,1,0.029,0.692,0.00067,0.0689,0.641,130.917,audio_features,062Cv5UXgBHWkMoRScGkt0,spotify:track:062Cv5UXgBHWkMoRScGkt0,https://api.spotify.com/v1/tracks/062Cv5UXgBHWkMoRScGkt0,https://api.spotify.com/v1/audio-analysis/062Cv5UXgBHWkMoRScGkt0,161587,4,spotify:track:062Cv5UXgBHWkMoRScGkt0
0.366,0.391,3,-12.322,1,0.0425,0.854,0.0,0.352,0.461,119.182,audio_features,5I9sHwLDX28tLtzVgKLtpr,spotify:track:5I9sHwLDX28tLtzVgKLtpr,https://api.spotify.com/v1/tracks/5I9sHwLDX28tLtzVgKLtpr,https://api.spotify.com/v1/audio-analysis/5I9sHwLDX28tLtzVgKLtpr,164547,3,spotify:track:5I9sHwLDX28tLtzVgKLtpr
0.259,0.473,5,-8.275,1,0.0295,0.592,0.0,0.201,0.539,90.348,audio_features,74VR3AkGPhbYXnxcOYa16x,spotify:track:74VR3AkGPhbYXnxcOYa16x,https://api.spotify.com/v1/tracks/74VR3AkGPhbYXnxcOYa16x,https://api.spotify.com/v1/audio-analysis/74VR3AkGPhbYXnxcOYa16x,157867,4,spotify:track:74VR3AkGPhbYXnxcOYa16x
0.274,0.348,5,-8.631,1,0.0293,0.547,0.0133,0.334,0.328,87.43,audio_features,4Hhv2vrOTy89HFRcjU3QOx,spotify:track:4Hhv2vrOTy89HFRcjU3QOx,https://api.spotify.com/v1/tracks/4Hhv2vrOTy89HFRcjU3QOx,https://api.spotify.com/v1/audio-analysis/4Hhv2vrOTy89HFRcjU3QOx,179693,3,spotify:track:4Hhv2vrOTy89HFRcjU3QOx
0.271,0.601,5,-5.171,1,0.0417,0.618,0.0,0.395,0.507,121.915,audio_features,11dg7QrzxPfmcNg5ARR6yD,spotify:track:11dg7QrzxPfmcNg5ARR6yD,https://api.spotify.com/v1/tracks/11dg7QrzxPfmcNg5ARR6yD,https://api.spotify.com/v1/audio-analysis/11dg7QrzxPfmcNg5ARR6yD,115400,4,spotify:track:11dg7QrzxPfmcNg5ARR6yD
0.731,0.804,11,-7.621,0,0.0473,0.172,0.00028,0.0685,0.957,107.383,audio_features,7GVUmCP00eSsqc4tzj1sDD,spotify:track:7GVUmCP00eSsqc4tzj1sDD,https://api.spotify.com/v1/tracks/7GVUmCP00eSsqc4tzj1sDD,https://api.spotify.com/v1/audio-analysis/7GVUmCP00eSsqc4tzj1sDD,205933,4,spotify:track:7GVUmCP00eSsqc4tzj1sDD
0.632,0.856,10,-3.463,1,0.0348,0.0624,0.0,0.347,0.867,119.397,audio_features,3Fzlg5r1IjhLk2qRw667od,spotify:track:3Fzlg5r1IjhLk2qRw667od,https://api.spotify.com/v1/tracks/3Fzlg5r1IjhLk2qRw667od,https://api.spotify.com/v1/audio-analysis/3Fzlg5r1IjhLk2qRw667od,232693,4,spotify:track:3Fzlg5r1IjhLk2qRw667od
0.626,0.462,2,-11.36,1,0.0715,0.0175,1.44e-06,0.067,0.672,102.35,audio_features,44MAe7e2MbOPLnP3XWC8ie,spotify:track:44MAe7e2MbOPLnP3XWC8ie,https://api.spotify.com/v1/tracks/44MAe7e2MbOPLnP3XWC8ie,https://api.spotify.com/v1/audio-analysis/44MAe7e2MbOPLnP3XWC8ie,251000,4,spotify:track:44MAe7e2MbOPLnP3XWC8ie
0.662,0.507,1,-11.978,1,0.0402,0.569,0.896,0.0999,0.489,110.532,audio_features,4gUSLTXPpzgZeCK9lo4OOP,spotify:track:4gUSLTXPpzgZeCK9lo4OOP,https://api.spotify.com/v1/tracks/4gUSLTXPpzgZeCK9lo4OOP,https://api.spotify.com/v1/audio-analysis/4gUSLTXPpzgZeCK9lo4OOP,167227,5,spotify:track:4gUSLTXPpzgZeCK9lo4OOP
0.488,0.124,3,-13.038,1,0.0404,0.963,0.333,0.246,0.205,66.105,audio_features,016HKF7A4O7tatoJ9BgZM1,spotify:track:016HKF7A4O7tatoJ9BgZM1,https://api.spotify.com/v1/tracks/016HKF7A4O7tatoJ9BgZM1,https://api.spotify.com/v1/audio-analysis/016HKF7A4O7tatoJ9BgZM1,255960,4,spotify:track:016HKF7A4O7tatoJ9BgZM1
0.294,0.528,8,-10.01,1,0.0471,0.234,0.0,0.147,0.452,200.813,audio_features,6Ro2z4RtAUew9Kz2HZWZUi,spotify:track:6Ro2z4RtAUew9Kz2HZWZUi,https://api.spotify.com/v1/tracks/6Ro2z4RtAUew9Kz2HZWZUi,https://api.spotify.com/v1/audio-analysis/6Ro2z4RtAUew9Kz2HZWZUi,284907,3,spotify:track:6Ro2z4RtAUew9Kz2HZWZUi
0.59,0.803,4,-2.518,1,0.085,0.537,0.0,0.105,0.477,87.851,audio_features,5RqIM2vv5nw2PGJBqPD8Rg,spotify:track:5RqIM2vv5nw2PGJBqPD8Rg,https://api.spotify.com/v1/tracks/5RqIM2vv5nw2PGJBqPD8Rg,https://api.spotify.com/v1/audio-analysis/5RqIM2vv5nw2PGJBqPD8Rg,151573,4,spotify:track:5RqIM2vv5nw2PGJBqPD8Rg
0.543,0.0809,7,-25.074,1,0.0291,0.933,0.000271,0.109,0.281,91.491,audio_features,4Pk21KSjnR6YgRArwVUeFx,spotify:track:4Pk21KSjnR6YgRArwVUeFx,https://api.spotify.com/v1/tracks/4Pk21KSjnR6YgRArwVUeFx,https://api.spotify.com/v1/audio-analysis/4Pk21KSjnR6YgRArwVUeFx,223960,4,spotify:track:4Pk21KSjnR6YgRArwVUeFx
0.624,0.359,1,-9.457,1,0.0521,0.965,0.905,0.101,0.206,104.357,audio_features,6kLp24Op7cOu8iQkU46sBv,spotify:track:6kLp24Op7cOu8iQkU46sBv,https://api.spotify.com/v1/tracks/6kLp24Op7cOu8iQkU46sBv,https://api.spotify.com/v1/audio-analysis/6kLp24Op7cOu8iQkU46sBv,157027,4,spotify:track:6kLp24Op7cOu8iQkU46sBv
0.526,0.165,8,-12.044,1,0.0417,0.838,1.35e-05,0.235,0.413,86.219,audio_features,6oGxloB7t8NkmCF1RewsjA,spotify:track:6oGxloB7t8NkmCF1RewsjA,https://api.spotify.com/v1/tracks/6oGxloB7t8NkmCF1RewsjA,https://api.spotify.com/v1/audio-analysis/6oGxloB7t8NkmCF1RewsjA,192533,4,spotify:track:6oGxloB7t8NkmCF1RewsjA
0.794,0.476,11,-9.117,0,0.0327,0.288,0.464,0.0819,0.351,132.99,audio_features,7iTLtSajuKrAB6f65Y5HtW,spotify:track:7iTLtSajuKrAB6f65Y5HtW,https://api.spotify.com/v1/tracks/7iTLtSajuKrAB6f65Y5HtW,https://api.spotify.com/v1/audio-analysis/7iTLtSajuKrAB6f65Y5HtW,198267,4,spotify:track:7iTLtSajuKrAB6f65Y5HtW
0.755,0.316,10,-15.485,1,0.0383,0.837,0.0018,0.253,0.371,120.902,audio_features,5RKvnhX7eohvhGg1Y4JuEh,spotify:track:5RKvnhX7eohvhGg1Y4JuEh,https://api.spotify.com/v1/tracks/5RKvnhX7eohvhGg1Y4JuEh,https://api.spotify.com/v1/audio-analysis/5RKvnhX7eohvhGg1Y4JuEh,179752,4,spotify:track:5RKvnhX7eohvhGg1Y4JuEh
0.605,0.393,0,-11.041,0,0.0307,0.513,0.0303,0.382,0.3,119.178,audio_features,5bblc4AsMgcNWQmgeX3HQD,spotify:track:5bblc4AsMgcNWQmgeX3HQD,https://api.spotify.com/v1/tracks/5bblc4AsMgcNWQmgeX3HQD,https://api.spotify.com/v1/audio-analysis/5bblc4AsMgcNWQmgeX3HQD,266089,4,spotify:track:5bblc4AsMgcNWQmgeX3HQD
0.604,0.294,0,-11.545,1,0.0281,0.967,0.355,0.146,0.306,97.969,audio_features,0IW6lKhRPieIm2CQSgsGPM,spotify:track:0IW6lKhRPieIm2CQSgsGPM,https://api.spotify.com/v1/tracks/0IW6lKhRPieIm2CQSgsGPM,https://api.spotify.com/v1/audio-analysis/0IW6lKhRPieIm2CQSgsGPM,152724,4,spotify:track:0IW6lKhRPieIm2CQSgsGPM
0.78,0.384,5,-18.831,1,0.0453,0.347,0.0441,0.109,0.717,106.688,audio_features,1qn6m93lFLibAy28FChnQo,spotify:track:1qn6m93lFLibAy28FChnQo,https://api.spotify.com/v1/tracks/1qn6m93lFLibAy28FChnQo,https://api.spotify.com/v1/audio-analysis/1qn6m93lFLibAy28FChnQo,228333,4,spotify:track:1qn6m93lFLibAy28FChnQo
0.637,0.343,8,-11.831,0,0.0981,0.653,0.00255,0.102,0.658,203.783,audio_features,1TT7MMEeEz2W4jxaQxU7lZ,spotify:track:1TT7MMEeEz2W4jxaQxU7lZ,https://api.spotify.com/v1/tracks/1TT7MMEeEz2W4jxaQxU7lZ,https://api.spotify.com/v1/audio-analysis/1TT7MMEeEz2W4jxaQxU7lZ,219773,4,spotify:track:1TT7MMEeEz2W4jxaQxU7lZ
0.663,0.465,5,-8.676,1,0.0565,0.585,0.0129,0.0645,0.475,91.989,audio_features,75E9k76b255fUk9iSUqkG9,spotify:track:75E9k76b255fUk9iSUqkG9,https://api.spotify.com/v1/tracks/75E9k76b255fUk9iSUqkG9,https://api.spotify.com/v1/audio-analysis/75E9k76b255fUk9iSUqkG9,282274,4,spotify:track:75E9k76b255fUk9iSUqkG9
0.818,0.346,6,-16.961,0,0.0575,0.111,0.0,0.077,0.723,121.256,audio_features,7hRYauk30VeBFmdeFQPNVx,spotify:track:7hRYauk30VeBFmdeFQPNVx,https://api.spotify.com/v1/tracks/7hRYauk30VeBFmdeFQPNVx,https://api.spotify.com/v1/audio-analysis/7hRYauk30VeBFmdeFQPNVx,246960,4,spotify:track:7hRYauk30VeBFmdeFQPNVx
0.718,0.368,0,-17.535,0,0.0351,0.538,0.0,0.0614,0.895,114.295,audio_features,4jV4ld7z4BrswF3uKqz8Ny,spotify:track:4jV4ld7z4BrswF3uKqz8Ny,https://api.spotify.com/v1/tracks/4jV4ld7z4BrswF3uKqz8Ny,https://api.spotify.com/v1/audio-analysis/4jV4ld7z4BrswF3uKqz8Ny,208240,4,spotify:track:4jV4ld7z4BrswF3uKqz8Ny
0.387,0.138,6,-19.739,1,0.0505,0.989,0.878,0.294,0.0427,141.855,audio_features,7hZnAqzJGdz58gS4XxRowB,spotify:track:7hZnAqzJGdz58gS4XxRowB,https://api.spotify.com/v1/tracks/7hZnAqzJGdz58gS4XxRowB,https://api.spotify.com/v1/audio-analysis/7hZnAqzJGdz58gS4XxRowB,212158,4,spotify:track:7hZnAqzJGdz58gS4XxRowB
0.684,0.53,2,-6.701,1,0.0292,0.702,0.00429,0.127,0.421,95.111,audio_features,44XYuUdfgfUHqsJ4TkigFY,spotify:track:44XYuUdfgfUHqsJ4TkigFY,https://api.spotify.com/v1/tracks/44XYuUdfgfUHqsJ4TkigFY,https://api.spotify.com/v1/audio-analysis/44XYuUdfgfUHqsJ4TkigFY,332683,4,spotify:track:44XYuUdfgfUHqsJ4TkigFY
0.818,0.646,1,-8.206,1,0.0331,0.268,0.0355,0.0759,0.801,132.084,audio_features,6O3ksAhy0XOhf48pmz23bR,spotify:track:6O3ksAhy0XOhf48pmz23bR,https://api.spotify.com/v1/tracks/6O3ksAhy0XOhf48pmz23bR,https://api.spotify.com/v1/audio-analysis/6O3ksAhy0XOhf48pmz23bR,179110,4,spotify:track:6O3ksAhy0XOhf48pmz23bR
0.814,0.386,2,-17.111,1,0.068,0.806,0.775,0.0729,0.907,90.002,audio_features,5oMQIQXbz5dnxU6BTUewlY,spotify:track:5oMQIQXbz5dnxU6BTUewlY,https://api.spotify.com/v1/tracks/5oMQIQXbz5dnxU6BTUewlY,https://api.spotify.com/v1/audio-analysis/5oMQIQXbz5dnxU6BTUewlY,254693,4,spotify:track:5oMQIQXbz5dnxU6BTUewlY
0.736,0.276,1,-12.762,1,0.0438,0.868,1.22e-05,0.0985,0.622,139.801,audio_features,32FfL5hpFQdweMkxg8Z55o,spotify:track:32FfL5hpFQdweMkxg8Z55o,https://api.spotify.com/v1/tracks/32FfL5hpFQdweMkxg8Z55o,https://api.spotify.com/v1/audio-analysis/32FfL5hpFQdweMkxg8Z55o,218190,4,spotify:track:32FfL5hpFQdweMkxg8Z55o
0.726,0.355,2,-10.735,1,0.0761,0.837,0.0117,0.105,0.272,105.546,audio_features,2JgQULmVwV0J3Gds7YfBCu,spotify:track:2JgQULmVwV0J3Gds7YfBCu,https://api.spotify.com/v1/tracks/2JgQULmVwV0J3Gds7YfBCu,https://api.spotify.com/v1/audio-analysis/2JgQULmVwV0J3Gds7YfBCu,191947,4,spotify:track:2JgQULmVwV0J3Gds7YfBCu
0.575,0.446,6,-10.704,0,0.0606,0.807,7.73e-05,0.112,0.673,165.852,audio_features,2FF003rfmlKnWH7nBbJimw,spotify:track:2FF003rfmlKnWH7nBbJimw,https://api.spotify.com/v1/tracks/2FF003rfmlKnWH7nBbJimw,https://api.spotify.com/v1/audio-analysis/2FF003rfmlKnWH7nBbJimw,166277,4,spotify:track:2FF003rfmlKnWH7nBbJimw
0.815,0.513,0,-8.196,1,0.036,0.00024,0.471,0.0811,0.848,110.871,audio_features,3SiUv5vf79EuP0VjIZJ9A2,spotify:track:3SiUv5vf79EuP0VjIZJ9A2,https://api.spotify.com/v1/tracks/3SiUv5vf79EuP0VjIZJ9A2,https://api.spotify.com/v1/audio-analysis/3SiUv5vf79EuP0VjIZJ9A2,349133,4,spotify:track:3SiUv5vf79EuP0VjIZJ9A2
0.666,0.454,3,-7.68,1,0.0483,0.419,0.000144,0.106,0.688,97.951,audio_features,1NJobH5TmHdjtyMz4S55kW,spotify:track:1NJobH5TmHdjtyMz4S55kW,https://api.spotify.com/v1/tracks/1NJobH5TmHdjtyMz4S55kW,https://api.spotify.com/v1/audio-analysis/1NJobH5TmHdjtyMz4S55kW,199531,4,spotify:track:1NJobH5TmHdjtyMz4S55kW
0.877,0.717,11,-5.944,0,0.0547,0.377,1.2e-05,0.0286,0.934,132.391,audio_features,1pzjjQaBP7tRD9nkowCZ0c,spotify:track:1pzjjQaBP7tRD9nkowCZ0c,https://api.spotify.com/v1/tracks/1pzjjQaBP7tRD9nkowCZ0c,https://api.spotify.com/v1/audio-analysis/1pzjjQaBP7tRD9nkowCZ0c,476947,4,spotify:track:1pzjjQaBP7tRD9nkowCZ0c
0.316,0.549,5,-7.205,1,0.0472,0.708,0.0,0.237,0.404,144.549,audio_features,7H5Jw7GQh0ij0UMGwLkdKR,spotify:track:7H5Jw7GQh0ij0UMGwLkdKR,https://api.spotify.com/v1/tracks/7H5Jw7GQh0ij0UMGwLkdKR,https://api.spotify.com/v1/audio-analysis/7H5Jw7GQh0ij0UMGwLkdKR,156933,4,spotify:track:7H5Jw7GQh0ij0UMGwLkdKR
0.743,0.429,10,-14.576,0,0.0902,0.447,0.362,0.0455,0.597,95.406,audio_features,5fdNHVZHbWB1AaXk4RBGVD,spotify:track:5fdNHVZHbWB1AaXk4RBGVD,https://api.spotify.com/v1/tracks/5fdNHVZHbWB1AaXk4RBGVD,https://api.spotify.com/v1/audio-analysis/5fdNHVZHbWB1AaXk4RBGVD,443773,4,spotify:track:5fdNHVZHbWB1AaXk4RBGVD
0.748,0.551,1,-9.054,1,0.0239,0.243,1.57e-06,0.0943,0.65,113.535,audio_features,6RNDeRnWsRMjPdNVgupZCs,spotify:track:6RNDeRnWsRMjPdNVgupZCs,https://api.spotify.com/v1/tracks/6RNDeRnWsRMjPdNVgupZCs,https://api.spotify.com/v1/audio-analysis/6RNDeRnWsRMjPdNVgupZCs,262240,4,spotify:track:6RNDeRnWsRMjPdNVgupZCs
0.62,0.813,11,-6.115,0,0.0307,0.29,0.000109,0.143,0.832,129.38,audio_features,76resiPGue5Cum9rLUKCj0,spotify:track:76resiPGue5Cum9rLUKCj0,https://api.spotify.com/v1/tracks/76resiPGue5Cum9rLUKCj0,https://api.spotify.com/v1/audio-analysis/76resiPGue5Cum9rLUKCj0,148093,4,spotify:track:76resiPGue5Cum9rLUKCj0
0.775,0.719,7,-6.212,0,0.0435,0.132,1.79e-06,0.0662,0.712,117.513,audio_features,48td6xvpokdYwvbl3JIiXP,spotify:track:48td6xvpokdYwvbl3JIiXP,https://api.spotify.com/v1/tracks/48td6xvpokdYwvbl3JIiXP,https://api.spotify.com/v1/audio-analysis/48td6xvpokdYwvbl3JIiXP,246027,4,spotify:track:48td6xvpokdYwvbl3JIiXP
0.623,0.189,5,-17.374,0,0.0291,0.271,2.24e-06,0.257,0.646,104.985,audio_features,2E0kGMK29BUaVQN4zC3Vpj,spotify:track:2E0kGMK29BUaVQN4zC3Vpj,https://api.spotify.com/v1/tracks/2E0kGMK29BUaVQN4zC3Vpj,https://api.spotify.com/v1/audio-analysis/2E0kGMK29BUaVQN4zC3Vpj,241360,4,spotify:track:2E0kGMK29BUaVQN4zC3Vpj
0.466,0.257,0,-12.907,1,0.0365,0.78,0.0,0.11,0.185,112.367,audio_features,2WY5gBUHAHATHTX5cXBl8H,spotify:track:2WY5gBUHAHATHTX5cXBl8H,https://api.spotify.com/v1/tracks/2WY5gBUHAHATHTX5cXBl8H,https://api.spotify.com/v1/audio-analysis/2WY5gBUHAHATHTX5cXBl8H,177147,3,spotify:track:2WY5gBUHAHATHTX5cXBl8H
0.638,0.541,5,-12.299,1,0.0309,0.000631,0.00416,0.0757,0.876,130.282,audio_features,7DgDK5QcafTFqvS416EmBB,spotify:track:7DgDK5QcafTFqvS416EmBB,https://api.spotify.com/v1/tracks/7DgDK5QcafTFqvS416EmBB,https://api.spotify.com/v1/audio-analysis/7DgDK5QcafTFqvS416EmBB,206936,4,spotify:track:7DgDK5QcafTFqvS416EmBB
0.582,0.281,8,-11.77,1,0.0503,0.841,0.325,0.112,0.676,81.489,audio_features,1pyGUGxLVZcWrwpQ8AJxaq,spotify:track:1pyGUGxLVZcWrwpQ8AJxaq,https://api.spotify.com/v1/tracks/1pyGUGxLVZcWrwpQ8AJxaq,https://api.spotify.com/v1/audio-analysis/1pyGUGxLVZcWrwpQ8AJxaq,214733,4,spotify:track:1pyGUGxLVZcWrwpQ8AJxaq
0.591,0.109,3,-17.975,1,0.0449,0.953,0.357,0.0921,0.395,130.597,audio_features,0Ontg8IFYkZQVksolaj6ss,spotify:track:0Ontg8IFYkZQVksolaj6ss,https://api.spotify.com/v1/tracks/0Ontg8IFYkZQVksolaj6ss,https://api.spotify.com/v1/audio-analysis/0Ontg8IFYkZQVksolaj6ss,309813,4,spotify:track:0Ontg8IFYkZQVksolaj6ss
0.492,0.139,3,-17.164,1,0.0646,0.933,0.165,0.108,0.381,141.909,audio_features,2Wh1Lm588xTmLnJiJzPJV2,spotify:track:2Wh1Lm588xTmLnJiJzPJV2,https://api.spotify.com/v1/tracks/2Wh1Lm588xTmLnJiJzPJV2,https://api.spotify.com/v1/audio-analysis/2Wh1Lm588xTmLnJiJzPJV2,249387,4,spotify:track:2Wh1Lm588xTmLnJiJzPJV2
0.443,0.205,8,-9.845,1,0.048,0.839,0.000348,0.125,0.307,80.544,audio_features,32johkddDpGhPTUrdUS2Zb,spotify:track:32johkddDpGhPTUrdUS2Zb,https://api.spotify.com/v1/tracks/32johkddDpGhPTUrdUS2Zb,https://api.spotify.com/v1/audio-analysis/32johkddDpGhPTUrdUS2Zb,244573,4,spotify:track:32johkddDpGhPTUrdUS2Zb
0.603,0.693,1,-7.832,1,0.425,0.16,0.0,0.315,0.795,136.507,audio_features,6jF3FFsAvliEqH0mWrkOla,spotify:track:6jF3FFsAvliEqH0mWrkOla,https://api.spotify.com/v1/tracks/6jF3FFsAvliEqH0mWrkOla,https://api.spotify.com/v1/audio-analysis/6jF3FFsAvliEqH0mWrkOla,91867,4,spotify:track:6jF3FFsAvliEqH0mWrkOla
0.798,0.289,2,-15.291,0,0.0597,0.852,0.848,0.0704,0.781,114.691,audio_features,3dIQDP3cylTLG2eDpuGSMg,spotify:track:3dIQDP3cylTLG2eDpuGSMg,https://api.spotify.com/v1/tracks/3dIQDP3cylTLG2eDpuGSMg,https://api.spotify.com/v1/audio-analysis/3dIQDP3cylTLG2eDpuGSMg,218067,4,spotify:track:3dIQDP3cylTLG2eDpuGSMg
0.337,0.387,7,-12.23,1,0.0346,0.76,0.00582,0.196,0.16,71.688,audio_features,4csK4wXq8jho3ZKZdlYpcX,spotify:track:4csK4wXq8jho3ZKZdlYpcX,https://api.spotify.com/v1/tracks/4csK4wXq8jho3ZKZdlYpcX,https://api.spotify.com/v1/audio-analysis/4csK4wXq8jho3ZKZdlYpcX,463467,4,spotify:track:4csK4wXq8jho3ZKZdlYpcX
0.607,0.2,11,-17.832,1,0.0443,0.879,0.11,0.102,0.272,107.891,audio_features,2hFX1UXWmd3GWJdSgGMVVw,spotify:track:2hFX1UXWmd3GWJdSgGMVVw,https://api.spotify.com/v1/tracks/2hFX1UXWmd3GWJdSgGMVVw,https://api.spotify.com/v1/audio-analysis/2hFX1UXWmd3GWJdSgGMVVw,196147,4,spotify:track:2hFX1UXWmd3GWJdSgGMVVw
0.263,0.546,6,-13.53,0,0.0371,0.824,0.356,0.773,0.322,79.599,audio_features,4BjqgPNJ8fzhQMvdCFssqv,spotify:track:4BjqgPNJ8fzhQMvdCFssqv,https://api.spotify.com/v1/tracks/4BjqgPNJ8fzhQMvdCFssqv,https://api.spotify.com/v1/audio-analysis/4BjqgPNJ8fzhQMvdCFssqv,957880,4,spotify:track:4BjqgPNJ8fzhQMvdCFssqv
0.601,0.62,0,-8.796,1,0.0401,0.499,0.0508,0.155,0.592,148.362,audio_features,3lOpMY6bWG9ePWca1D0DQZ,spotify:track:3lOpMY6bWG9ePWca1D0DQZ,https://api.spotify.com/v1/tracks/3lOpMY6bWG9ePWca1D0DQZ,https://api.spotify.com/v1/audio-analysis/3lOpMY6bWG9ePWca1D0DQZ,339640,4,spotify:track:3lOpMY6bWG9ePWca1D0DQZ
0.454,0.65,7,-12.023,1,0.0747,0.413,0.547,0.356,0.449,86.611,audio_features,1Pj2MS6kfTmXUanmezspc6,spotify:track:1Pj2MS6kfTmXUanmezspc6,https://api.spotify.com/v1/tracks/1Pj2MS6kfTmXUanmezspc6,https://api.spotify.com/v1/audio-analysis/1Pj2MS6kfTmXUanmezspc6,249767,4,spotify:track:1Pj2MS6kfTmXUanmezspc6
0.609,0.761,1,-7.178,1,0.034,0.108,0.761,0.141,0.671,91.823,audio_features,6ggCUjC5j2uhighYnTee8X,spotify:track:6ggCUjC5j2uhighYnTee8X,https://api.spotify.com/v1/tracks/6ggCUjC5j2uhighYnTee8X,https://api.spotify.com/v1/audio-analysis/6ggCUjC5j2uhighYnTee8X,325533,4,spotify:track:6ggCUjC5j2uhighYnTee8X
0.71,0.47,0,-12.849,1,0.0347,0.828,0.255,0.378,0.657,140.99,audio_features,0wW15qlc0UdruIfQWZjeIp,spotify:track:0wW15qlc0UdruIfQWZjeIp,https://api.spotify.com/v1/tracks/0wW15qlc0UdruIfQWZjeIp,https://api.spotify.com/v1/audio-analysis/0wW15qlc0UdruIfQWZjeIp,265267,4,spotify:track:0wW15qlc0UdruIfQWZjeIp
0.625,0.105,0,-24.548,1,0.0736,0.0799,0.872,0.104,0.822,120.577,audio_features,2BRZtGCVb5WSR58ZVYnNgU,spotify:track:2BRZtGCVb5WSR58ZVYnNgU,https://api.spotify.com/v1/tracks/2BRZtGCVb5WSR58ZVYnNgU,https://api.spotify.com/v1/audio-analysis/2BRZtGCVb5WSR58ZVYnNgU,133673,4,spotify:track:2BRZtGCVb5WSR58ZVYnNgU
0.801,0.478,8,-8.79,0,0.0504,0.0977,1.15e-05,0.711,0.517,122.003,audio_features,35wau9leYsDWBTW4A0ISyL,spotify:track:35wau9leYsDWBTW4A0ISyL,https://api.spotify.com/v1/tracks/35wau9leYsDWBTW4A0ISyL,https://api.spotify.com/v1/audio-analysis/35wau9leYsDWBTW4A0ISyL,260670,4,spotify:track:35wau9leYsDWBTW4A0ISyL
0.709,0.554,0,-6.474,1,0.387,0.623,6.13e-06,0.578,0.669,80.113,audio_features,1sHH9kE77X54j78gpBSe7E,spotify:track:1sHH9kE77X54j78gpBSe7E,https://api.spotify.com/v1/tracks/1sHH9kE77X54j78gpBSe7E,https://api.spotify.com/v1/audio-analysis/1sHH9kE77X54j78gpBSe7E,254708,4,spotify:track:1sHH9kE77X54j78gpBSe7E
